V1,V2
0,1.180929744
0,13.80173924
0,16.34162221
0,12.47541442
0,11.19224111
0,1.107230041
0,2.112455554
0,2.304990401
0,4.637690307
0,2.202422531
0,5.468090268
2.030599017,15.06396966
2.057968745,9.393188047
2.088059322,8.092910615
2.100525761,13.70649181
2.1135229,27.00760777
2.127180901,5.252722069
2.187279929,4.081648782
2.211967244,3.348777105
2.221105618,5.091507104
2.32363703,8.317671002
2.325251687,11.01917149
2.335778802,3.329401588
2.335848176,5.373171089
2.381736623,3.952143198
2.393452345,3.221176186
2.413935107,2.548431434
2.414813588,10.33180366
2.434212256,19.87333553
2.45141323,11.52938143
2.454433767,6.665616555
2.497669296,9.08920778
2.506029483,8.245536122
2.527375061,6.94142137
2.529782475,2.958287205
2.553780223,9.779501781
2.563110941,5.71230907
2.608059965,10.24284796
2.61534853,2.764364265
2.644965463,8.83038112
2.645986221,8.677813687
2.719032177,2.772055206
2.721913006,4.279259455
2.732476308,2.861735087
2.74031689,18.47895627
2.743962343,8.969689628
2.767849511,5.780195612
2.809485523,4.46527235
2.83546674,4.958195187
2.840649127,8.542885072
2.856407969,4.866293274
2.898136927,2.979108179
2.934959788,3.318746387
2.959960514,8.269003043
2.960227661,4.084633797
2.969162499,4.606625638
2.97007995,11.88285889
2.997939972,3.788359644
3.066159998,10.36090022
3.133771441,10.35590027
3.171686549,7.188199279
3.234149571,25.30383184
3.288578624,6.060471954
3.314702088,8.749414082
3.356267595,7.347514993
3.416357937,4.002417003
3.421199447,4.815832699
3.505855964,5.114269875
3.574741409,8.241792257
3.699077537,3.817262343
3.735504834,4.385748479
3.776815325,5.134061524
3.86384466,9.607077379
4.010366815,6.61062464
4.029701872,9.576764715
4.033461918,10.18633249
4.041861837,5.733328165
4.051224329,5.120754934
4.072195212,9.88301353
4.118422604,9.200991132
4.143696409,9.125887672
4.144146194,5.001109986
4.145523722,8.13530844
4.153055893,9.59887313
4.153797052,10.54363082
4.171707909,8.702612063
4.216293423,10.58592067
4.22782167,10.87289453
4.258887623,20.89151483
4.281780497,10.87585139
4.282865324,8.398315144
4.282911286,5.661300043
4.282926798,12.17232832
4.296025496,10.07805021
4.307783349,4.56616111
4.312990305,8.915716467
4.3148276,17.13896655
4.349358579,5.649882372
4.349485551,5.963124972
4.351256052,6.819479079
4.352738173,10.16639655
4.36002798,6.624171546
4.371473989,11.67387849
4.377575466,6.684273535
4.380005737,11.45352021
4.431658265,15.35288744
4.432568667,5.644724692
4.441943097,4.489562114
4.447546518,5.885684738
4.449888296,5.676264265
4.456362668,5.574036915
4.477385886,8.198395872
4.484190587,34.68845146
4.516457519,6.583838737
4.548037749,21.47883474
4.550847298,6.505655142
4.580913221,5.39166226
4.587588095,12.42510284
4.608041092,8.665650057
4.613176954,26.75147778
4.6636092,7.967051867
4.687176088,12.86317615
4.694264675,13.77980219
4.698963826,4.778081561
4.709501515,27.36831118
4.719745314,9.568911875
4.736195281,14.28030728
4.765883214,8.098434483
4.782018865,5.107162144
4.792271246,4.882131756
4.813265231,10.52725347
4.841779622,5.189992289
4.847448103,10.06859709
4.871008131,10.29512902
4.961653379,16.18854572
4.973507092,5.735509328
5.027013754,5.714608751
5.028328657,16.420386
5.06577396,7.08122078
5.079474191,6.45909807
5.085449575,12.51856294
5.151974104,14.69938661
5.157603864,5.840523565
5.17399123,9.551010006
5.180031714,7.664767691
5.19415479,20.20648595
5.269407625,6.641221276
5.284153281,16.57908496
5.291912065,5.6501789
5.315132493,8.02958079
5.332004472,9.745452206
5.33336791,7.669602895
5.342338103,12.81757275
5.360901661,14.70535518
5.385366424,9.733779541
5.395363103,9.629707214
5.402838585,8.859801851
5.410328997,15.29310776
5.423837258,5.441614713
5.429995352,5.713241801
5.4651852,6.142934153
5.487312908,9.241117808
5.487881338,5.512627654
5.513597326,6.642112015
5.515089777,5.965319725
5.537843402,6.036866513
5.55953074,9.477502436
5.561717991,17.27292715
5.582836498,26.21909264
5.606657373,8.215516559
5.629597239,6.712941701
5.633675319,7.468411273
5.645070888,7.852156346
5.663064597,6.544712158
5.694112472,14.27716791
5.699148288,8.536391708
5.743957111,8.583411864
5.759155447,9.513896962
5.7726335,5.781590903
5.803421243,9.292705064
5.808972288,7.033183486
5.809877116,7.509864298
5.86299974,8.252258488
5.899490033,16.80495422
5.904379681,8.88216592
5.920089065,6.957541137
5.926534374,6.643325202
5.939603692,21.85164085
5.976813946,6.833585793
5.994834595,10.80992116
6.003374859,7.557590333
6.006652134,6.199666935
6.016405237,9.434659717
6.03529054,39.88253782
6.044962088,8.270625829
6.058559547,6.256387414
6.082018105,7.214682264
6.083108691,11.78117693
6.11070275,15.56337814
6.115988067,6.646861895
6.126922703,12.09629902
6.141370432,12.85834203
6.177151866,14.0057465
6.247508976,6.784704939
6.254916239,8.591905852
6.271330942,19.56119971
6.279970026,7.499691622
6.28868389,6.462771357
6.299849119,7.29265459
6.304028105,14.50101721
6.311975472,16.30388647
6.35169382,14.02464475
6.355516795,27.08724222
6.384972349,17.16411002
6.389854602,13.87629304
6.390046475,11.55499065
6.421798912,20.76078586
6.428679933,6.580896463
6.462182156,7.736691552
6.472515783,7.779391439
6.488067426,7.312182605
6.521192034,7.609370138
6.563354632,14.82749599
6.570477069,8.861977074
6.571770275,7.466336593
6.572337778,9.912659795
6.602560261,14.3731969
6.631195027,8.343222438
6.641508462,6.923951216
6.645911674,12.17404045
6.657753706,7.184771314
6.662654391,10.09817734
6.665871353,6.889350018
6.693881227,7.21417558
6.694809247,13.81061812
6.700146581,12.21354047
6.71232659,21.5435997
6.712666716,7.99460583
6.715579607,6.739933773
6.742543207,7.396759315
6.743842016,10.87671511
6.752110713,11.17019297
6.755913668,10.08076717
6.763015469,12.42903552
6.772211273,11.18774119
6.772332144,8.370000546
6.77694648,23.07389013
6.777352562,12.15745391
6.778584598,10.92217883
6.783037762,10.45359309
6.783425577,15.27730982
6.807804971,15.266504
6.827260556,7.850134161
6.876264806,11.47841041
6.919453857,17.71403633
6.925056555,13.26135479
6.926298642,12.19865319
6.930705902,10.35115048
6.950323765,15.9009118
6.97907485,13.56280789
6.992958064,7.130151644
6.996395418,8.525492447
7.017194219,12.53902561
7.326330681,8.654333978
7.341032937,13.96877025
7.383773076,9.570228106
7.474532144,8.163402314
7.53403476,8.740376283
7.551791818,11.08151006
7.563402296,18.71623401
7.588101912,12.01710369
7.610300347,10.93252235
7.616214514,10.29965385
7.63065379,20.31815724
7.63372279,10.36125658
7.651791794,15.71906292
7.673412044,27.42085058
7.843258529,8.707988664
7.845762289,9.296981385
7.898371463,9.949264155
7.954105546,19.82849422
7.991231612,8.206301105
8.018817052,12.87748587
8.053490237,12.4411834
8.055178366,12.43021434
8.119333259,10.6268089
8.124011042,23.6370084
8.130049823,15.2614852
8.143810391,10.61220896
8.189893713,9.829531902
8.19494101,8.445287782
8.198306836,8.289361295
8.207542662,16.93902046
8.24268329,17.56321616
8.249270424,9.717029658
8.260481452,30.65263141
8.289319843,40.28272088
8.311500382,9.027536321
8.31361761,32.39580601
8.35039975,9.080980749
8.359001891,10.17816437
8.374043182,11.64905484
8.389818488,14.11814087
8.42944506,10.53165965
8.438159007,13.11187442
8.446883103,14.58770258
8.484878482,21.70336839
8.486091992,9.148280017
8.489733163,10.26697395
8.498050766,9.219520596
8.553993293,13.1964024
8.582358662,9.844298729
8.587662072,15.857708
8.602614094,11.61517563
8.61341091,10.60665693
8.613868316,21.17475873
8.618004077,21.8939502
8.638915937,35.5580388
8.639591107,39.07338469
8.659898993,15.23278404
8.687282791,10.50903463
8.692257103,19.51573433
8.723192063,16.85000715
8.849594281,15.1832079
8.864394716,12.32916687
8.9156765,11.31817062
8.916083884,14.29938543
9.004493627,9.24473205
9.015360185,15.4858011
9.020240573,13.58471872
9.046470849,9.475631274
9.047873802,10.19133681
9.04943388,19.80580443
9.050489135,9.370542771
9.052050545,12.17493084
9.058296244,11.01780072
9.060365362,15.3060362
9.066593677,21.92982713
9.070238721,10.6152049
9.07043833,10.56149034
9.076356378,12.51435793
9.121089893,18.09950786
9.131941728,9.447642648
9.170430027,17.14415237
9.173311498,16.60549287
9.176103203,14.63608599
9.177788017,14.90496712
9.178920203,14.22754177
9.190201266,13.55839042
9.19957409,27.97418592
9.20923339,11.90149664
9.210329851,9.663502872
9.234548997,14.8067591
9.252929079,15.36925568
9.267410916,13.80653692
9.270545442,16.74747669
9.272223428,10.20561037
9.278439684,10.25407918
9.288393999,13.25920009
9.315526471,10.44902783
9.324911396,10.50833923
9.330408135,13.89049383
9.340616219,26.28783838
9.358952583,9.434654063
9.364851928,10.27192878
9.373686553,11.38253131
9.377637888,13.60565708
9.380444288,19.12401587
9.389028594,10.52000415
9.391191617,14.64854579
9.393763446,9.591492837
9.394733667,37.03443199
9.400183539,10.39585047
9.403619224,14.94354539
9.430127086,9.705387396
9.437728979,12.69073822
9.474558891,12.93242614
9.478271249,10.51898746
9.484772081,15.34458767
9.49712311,15.37801726
9.498913626,12.10974825
9.507544963,11.36514752
9.523150208,9.882910384
9.535203423,12.15200357
9.543065011,11.3147065
9.548754711,13.3747656
9.553491793,11.25417236
9.570238552,11.13307124
9.589819921,10.81644928
9.592243725,25.03818083
9.599062461,11.10483858
9.606489878,11.1068244
9.637212306,12.67857673
9.650156708,14.81848095
9.654867877,10.97261717
9.671322877,11.73131845
9.680768726,12.97227833
9.699665047,12.62699359
9.703059537,9.825611334
9.703621632,16.38247861
9.714230668,13.44696925
9.714967639,10.8844517
9.718605366,13.97240509
9.723373943,28.92709733
9.739976685,11.2165247
9.746779656,17.65379891
9.752810176,11.82109943
9.754354565,22.27844994
9.762712466,14.33662792
9.77291149,11.86504085
9.775168948,13.33549799
9.783794147,12.69482086
9.789300604,12.63590928
9.792939786,21.6403718
9.804022679,18.77666711
9.80433761,10.66250617
9.827592723,10.60220406
9.830673582,19.64235026
9.83484414,9.990750056
9.867593187,23.72441627
9.872383985,15.41764889
9.878231308,11.22485365
9.887140758,14.18082967
9.91729307,14.63276169
9.934700857,18.32863711
9.934804357,12.27446629
9.935382407,18.93735862
9.942770781,22.03559121
9.943502377,23.66963061
9.949437363,19.37733434
9.962093728,11.98765565
9.962744918,12.17088731
9.984841764,10.20797459
10.00039307,23.95673008
10.00838436,13.25954834
10.00879658,12.37919418
10.02647885,17.04585261
10.0274276,30.69137732
10.03606007,18.46505602
10.03704539,11.39049624
10.05246366,12.26553497
10.05418479,10.42559121
10.06206216,16.04099247
10.07039401,12.56477946
10.07203056,15.6117893
10.07252209,10.58831173
10.08723727,17.31200772
10.09154985,14.50262865
10.09431645,11.74734676
10.09970635,16.57045669
10.10856177,17.50578589
10.10867669,14.57305818
10.11290059,27.93271731
10.12448837,10.32643382
10.1313906,10.61802432
10.14504759,21.58253154
10.14704405,22.03145711
10.155783,16.37810229
10.1578644,21.2129317
10.16144079,11.8831517
10.16488484,12.20955198
10.16545771,25.30955639
10.1743925,18.73710421
10.17829383,12.29621001
10.18921379,10.39726101
10.20454054,12.58607883
10.20483933,18.46841995
10.21088312,11.76024833
10.21454765,11.94980724
10.21465314,13.3550492
10.21915716,10.4461062
10.22116593,13.89283223
10.22243064,19.85687454
10.23831368,12.69336349
10.24766814,12.64784831
10.26315308,12.1913472
10.27316576,12.02727322
10.27542279,20.88253917
10.28584467,11.32724336
10.28603368,12.6250122
10.28917107,15.99045977
10.29566495,12.39353394
10.29797036,11.6182594
10.32369711,13.52145064
10.33181973,15.6628591
10.33397138,12.36784598
10.33490947,18.43277744
10.3475664,20.08560284
10.34983545,12.04561388
10.3498356,11.77023921
10.36728391,11.37080103
10.3709352,18.28777567
10.37296042,13.15591009
10.37422431,15.77550364
10.38748578,14.32504964
10.38816216,12.75678572
10.40482936,14.16891789
10.40553097,13.4158966
10.41327188,18.14700246
10.4174695,19.62432087
10.42507488,28.77867436
10.42620603,12.55411789
10.43187683,13.95786524
10.4423657,11.9524894
10.44329061,12.9068557
10.44502665,15.88630192
10.44631169,14.7444234
10.44697812,12.52081717
10.45244235,13.3117763
10.46156688,12.01767772
10.46228445,10.72951431
10.48824605,12.69045894
10.48851696,10.80889039
10.48871619,11.61147977
10.49971681,13.05934831
10.49983684,12.49580253
10.50400934,16.90148056
10.50925037,12.03006715
10.50955255,10.66006343
10.51846669,14.05899965
10.53038597,23.59867915
10.53078405,14.77068903
10.53088316,10.62886496
10.53426577,10.71725364
10.53695563,20.86844084
10.54581706,13.53055446
10.5503933,12.5439287
10.55459119,14.76757722
10.563985,11.05323989
10.57671335,16.28622661
10.57940252,17.04438294
10.58896014,16.18316368
10.60050069,18.87910769
10.60226961,31.00777188
10.60246412,15.49464862
10.60278866,12.71143603
10.60375042,27.59840093
10.60832843,13.47082988
10.61512354,10.97393594
10.61612658,17.05182928
10.62375901,10.91223393
10.62782253,16.60444192
10.63225687,12.12198848
10.63367773,21.58816428
10.63707321,11.55651284
10.64774677,15.50658883
10.64882593,11.65243446
10.65379123,17.4715165
10.6619457,11.32325195
10.66567508,12.71165636
10.67509598,15.6292599
10.68382927,15.94888208
10.6908167,15.63781383
10.69550748,10.72336425
10.69597112,17.95587017
10.70015876,13.72133721
10.70231561,11.72741356
10.70279846,13.62783492
10.70328735,18.67355453
10.71699946,10.9764201
10.71975102,15.2175085
10.7254435,14.378664
10.747585,14.15336567
10.75777129,13.44889645
10.75848678,21.12751088
10.76006994,14.54244528
10.76161432,11.0462692
10.76662314,15.82609596
10.7724156,12.91251985
10.77769778,13.47961218
10.77838393,13.78998309
10.78507843,11.79523682
10.78642393,13.32131573
10.79176281,14.58130439
10.79363429,22.09179602
10.80566668,18.63671751
10.82155442,18.31635334
10.83699107,11.53845773
10.83731512,13.37054155
10.84122826,18.919598
10.85355391,13.40392097
10.86846489,17.88666975
10.87232331,12.80753069
10.88304159,14.73603642
10.88578832,13.88873994
10.8868548,14.49821408
10.88730604,25.36069665
10.91116518,16.61939269
10.92387901,16.17130144
10.93013744,12.00368005
10.94094631,16.75660492
10.95854856,12.96869057
10.96390645,12.16715932
10.97831203,11.16074504
10.98588848,12.7178185
10.98734578,12.11506408
10.98969542,12.03251785
11.0013978,11.40973464
11.01338154,11.77767191
11.01496487,19.03384686
11.04400576,31.10427525
11.05138628,21.19782092
11.05417122,11.4184685
11.0551186,16.88242886
11.06805208,14.07950763
11.08608944,17.02184357
11.08845481,17.94110251
11.10038471,15.97445577
11.10523423,42.78267216
11.1377952,12.38216821
11.13879462,11.46278325
11.15610199,27.80907629
11.15663754,24.64798634
11.16084879,13.18692699
11.1624205,14.03847205
11.17434172,22.68416752
11.1769083,11.80620923
11.1800971,15.83187059
11.18199846,12.33486126
11.18694806,25.42056263
11.19635187,13.08053539
11.22258477,11.552759
11.235622,15.39091792
11.2368696,11.87239297
11.24307556,20.75302003
11.2466568,14.5291532
11.25606565,14.77516758
11.26137961,21.42847087
11.26915247,11.93811536
11.2754102,12.60886669
11.28221752,15.84505583
11.28385859,15.17380451
11.29170548,12.32432288
11.294035,17.75974782
11.29936717,11.92605744
11.30244367,14.72703264
11.31487615,19.26498286
11.31857705,11.49395257
11.32030093,12.05423497
11.32248052,12.62585178
11.32844788,13.21326418
11.34445151,18.52473775
11.37166344,16.28355136
11.37214821,27.09026342
11.38898186,12.06927843
11.39120956,18.74182775
11.39161053,15.89620198
11.39356666,12.1210731
11.41084914,16.20041472
11.41282011,18.96907317
11.41773413,15.08597364
11.45564103,13.65812172
11.4786383,14.47024679
11.48095241,22.44534048
11.50131666,15.9920667
11.50760839,13.94855998
11.51038151,12.21154809
11.52187178,12.6604247
11.53175708,14.29824357
11.53327402,16.85820788
11.53370249,12.08323122
11.54888503,12.5491192
11.55440264,22.74749515
11.56750558,24.35910741
11.59232291,14.249615
11.60004615,23.22455325
11.61564204,27.09029331
11.62477576,11.68696554
11.64031916,14.04557178
11.64287891,12.2593956
11.6478139,12.51096909
11.65048807,19.38202491
11.65507209,19.04165702
11.65885121,14.3087895
11.67463821,12.31433653
11.6834233,14.23103522
11.68667142,12.49740417
11.68867484,21.52392188
11.69095588,12.57867401
11.70220133,30.18062295
11.71717466,17.52822013
11.73599575,20.48357153
11.75544735,14.61046731
11.75897164,18.45095731
11.76808448,12.79227166
11.76909409,18.71108584
11.76920997,16.18397865
11.76980541,18.59469313
11.77230742,25.77996351
11.77900527,14.75632897
11.78007252,23.87995188
11.79336492,35.10487182
11.79723127,14.39829258
11.80243412,13.26176618
11.82523341,12.28283101
11.83201311,12.41509765
11.832537,12.83735452
11.84364323,13.11402185
11.85370728,14.11906313
11.85426816,18.11982499
11.86174842,18.68673457
11.87562897,22.82945959
11.88288948,12.52740469
11.88702114,16.28267805
11.91277715,19.73811209
11.91346081,13.4972461
11.91358056,13.14202358
11.91460319,16.39347352
11.91645514,13.41829261
11.92357617,13.56472721
11.93358143,15.78587348
11.93650333,12.60678364
11.95026872,16.36266866
11.9529428,15.61579879
11.95513366,13.76699918
11.95889934,29.86238318
11.97161481,12.4390409
11.97520754,21.69375091
11.98521657,16.5521372
11.9866202,12.29246185
11.98797455,18.45240477
11.9993964,13.12473821
12.00474643,13.74372604
12.0172316,13.21270221
12.01826436,26.47900717
12.02472312,13.07117481
12.03286779,19.74856792
12.04307813,34.40526572
12.05174546,12.31874759
12.05652063,23.76809038
12.07302879,12.2168763
12.0922471,15.42405967
12.09357981,14.38759028
12.1085628,12.77590703
12.11382953,13.75672786
12.1274134,23.9141548
12.14326271,30.14871745
12.14874371,12.46921873
12.15597656,16.8872708
12.16588504,16.38075869
12.16702275,13.06944076
12.19509655,20.3864873
12.21055753,14.76878519
12.2232001,12.38961543
12.22758748,25.33946908
12.27590289,20.55710225
12.28885474,16.85963888
12.29697401,14.70229699
12.30639557,14.23278701
12.30643762,13.45174422
12.34228881,25.38926485
12.3424062,17.67945783
12.3532131,22.4750642
12.35609693,18.52062257
12.36322273,21.32418535
12.36388447,13.57581507
12.37028429,30.53540047
12.38241401,12.83514134
12.4034136,13.98694097
12.41241892,14.66471584
12.41443845,13.88480277
12.41767429,22.29666286
12.42549978,17.9257988
12.42919066,13.41905403
12.44173197,13.32762675
12.4438978,14.62841731
12.46387812,15.85539062
12.46474895,21.7701138
12.47087026,13.3341853
12.48122661,25.84784766
12.49313073,15.24204676
12.53761276,19.04944285
12.53772672,17.1006053
12.54652126,21.03350387
12.57632578,13.91325756
12.58951944,13.25376584
12.59519818,21.93178223
12.60918377,16.2673675
12.61422803,15.55117148
12.61951241,13.29428596
12.62803,14.54189418
12.63429259,17.58007928
12.63691467,14.2929631
12.67605916,22.03815653
12.71307966,13.07753319
12.71522582,20.82649149
12.73792454,14.2292206
12.7385075,14.75484865
12.76881371,19.55525395
12.78450362,16.56366456
12.78805282,16.09554799
12.79580755,17.82666309
12.807983,14.74036819
12.81681747,14.78821723
12.8210591,14.99412779
12.82223748,19.12005171
12.8284864,12.83425265
12.84605124,15.0350154
12.849673,12.89888559
12.85885377,13.88337582
12.86166786,17.97968877
12.88154512,14.5511579
12.88183628,17.69933312
12.88227181,16.34880715
12.88647304,20.683333
12.9303003,23.60238465
12.93324428,13.32646765
12.94223011,14.54316082
12.94948298,23.31788212
12.949855,16.93151246
12.97010572,14.2051719
12.97326508,14.05918482
12.99549318,32.0762934
13.00010005,16.12466671
13.00056931,13.68706149
13.00310019,14.17368862
13.00584454,15.64040373
13.01792346,25.04074306
13.02054093,20.61888335
13.02686231,18.39779182
13.04596566,15.74406107
13.0487539,16.1445039
13.05395331,25.7026696
13.05415428,13.13824401
13.06638117,17.66374234
13.08500847,13.21488512
13.09667605,16.86607692
13.10317618,13.90743235
13.13933231,13.90312827
13.14081578,23.43600798
13.14651886,23.57203301
13.15785844,17.91079831
13.17096533,13.98183644
13.17727652,15.14182671
13.18017959,13.20382638
13.19007996,14.22736338
13.20654039,23.97031759
13.21347578,14.50807913
13.21605581,21.83834384
13.22040394,15.61817431
13.23435242,14.62389137
13.24444661,25.36449552
13.24729265,13.46162118
13.26472093,16.53668226
13.27463457,18.41180351
13.28347782,24.67196845
13.29186626,36.40998515
13.2924413,29.70793677
13.29269915,15.68339377
13.29572193,18.26715757
13.29722604,18.61519196
13.30613872,16.5906151
13.30778169,40.65740953
13.34318401,20.21083739
13.35467242,16.41051133
13.35867921,14.02276735
13.36482743,21.31015625
13.37276038,18.37783666
13.38020617,16.12184507
13.39350185,15.59251069
13.44157486,17.87410001
13.44371366,17.36607079
13.45106485,15.04998296
13.45140896,16.98469105
13.4517481,13.96275122
13.46029185,21.02860328
13.4811927,18.06679436
13.48367451,16.48017194
13.48845565,14.22714581
13.4945663,16.19569534
13.51789289,20.598686
13.52445767,14.93114608
13.53617843,16.00499127
13.54423782,14.65578281
13.54949779,18.81672604
13.55195223,24.35326153
13.55453938,15.57597865
13.55779164,17.6864916
13.55809321,20.69859053
13.57007996,14.38762924
13.57024103,14.62029776
13.57455491,34.23693778
13.58690385,24.92152438
13.59704608,18.35380765
13.60397066,13.73420563
13.60930108,19.26723606
13.62737823,23.75679353
13.63117236,14.64031344
13.64577203,14.72770286
13.65501297,17.45070246
13.65639154,22.74808491
13.65684558,15.88938945
13.66355088,19.77369356
13.66403207,41.44350252
13.66950698,19.14727938
13.66975592,14.54099404
13.67642964,14.09469382
13.69870959,19.55589282
13.70355508,53.36118828
13.7055625,31.2295819
13.71943457,22.35827026
13.73268159,19.61526928
13.75408056,14.99667116
13.76136293,20.84611696
13.76242784,15.23065297
13.77174797,18.45586343
13.77185815,15.8787004
13.77486278,13.91293472
13.78514762,14.2091485
13.79799152,18.67078895
13.79899565,15.50334249
13.80705712,23.71430908
13.81132917,14.50123603
13.81271216,18.1733018
13.82437308,27.36764127
13.83219331,21.25318731
13.84315144,16.10121399
13.85764335,26.1800188
13.8604642,23.19514999
13.86368069,16.54700708
13.87044662,21.14387975
13.88393877,18.91227184
13.8972081,14.98182473
13.90439271,15.14309518
13.92017209,22.14548629
13.93643224,17.98037454
13.93933681,17.23679126
13.94493936,14.7893732
13.94891926,15.88165624
13.95851603,22.90928708
13.9646946,17.41973247
13.98714862,15.64176946
13.98962918,15.51922167
14.01909945,14.27758798
14.05576566,24.7813795
14.06836934,14.76188867
14.07836317,14.17171719
14.11213226,21.84494737
14.20707428,14.9281531
14.26180836,16.59181993
14.29743668,25.0775569
14.329156,15.33390255
14.35385806,15.55249766
14.48571669,24.75746176
14.50248974,26.00004811
14.60783879,21.58685234
14.78337993,15.36901114
14.79256092,16.46506328
14.84606667,19.24014821
14.84875691,22.71639085
14.89859204,17.67368476
14.9225299,17.56416786
14.92885225,16.39691051
14.93585145,17.39616649
14.96538212,18.03540417
14.9769591,18.96906138
15.03748935,23.18204447
15.18805394,20.5714754
15.19294403,18.48636007
15.21854457,18.60466405
15.33664415,27.17476097
15.49561546,29.1106737
15.64839208,16.38938379
15.67601279,32.24194073
15.73742594,20.33912318
15.87255884,25.70603525
15.87664944,21.48067986
15.8990508,17.52210714
15.9518995,19.11813796
15.96666475,17.66597877
16.04073817,17.08592823
16.04108734,18.93934578
16.04362722,20.8998991
16.10192927,18.39920812
16.21744802,17.82557751
16.25646062,22.44017633
16.25715183,18.17564007
16.27709759,18.66270761
16.33280157,16.78771436
16.35788514,24.03442557
16.3863769,24.69570261
16.38794827,18.05123157
16.39827355,18.61723318
16.42516601,29.10309983
16.43746531,20.94818468
16.50654854,17.35326118
16.5605811,21.23505525
16.60910058,19.56810467
16.63170246,19.3269986
16.77842045,17.04180694
16.87122675,21.08387178
16.88126917,18.51309389
16.89215601,31.38842035
16.90360302,18.8087757
16.90444504,19.90082503
16.90902143,20.48603665
16.96863048,22.05500076
17.00161006,18.07932848
17.00669706,20.84771123
17.02934684,25.07521368
17.03296246,26.77921993
17.03467749,19.15606158
17.03915499,21.26473272
17.04155252,19.51887494
17.04824909,19.41095112
17.06120163,18.78814493
17.06585595,35.76243761
17.07987743,17.53688471
17.08079576,23.56367337
17.0882162,20.13771776
17.08884217,25.02514664
17.09154435,18.28589859
17.09255414,25.75956384
17.09261747,17.78611847
17.09407529,18.59975068
17.09425093,17.13066963
17.10096053,17.88138804
17.10623274,17.508671
17.10932158,29.55813267
17.11031797,20.68591002
17.12037955,26.39570542
17.12091977,19.93865732
17.12647632,27.72753479
17.13519502,18.10411769
17.13708202,34.31417881
17.14047983,17.38086693
17.14162412,24.04962504
17.14191833,19.10393368
17.15998271,21.13337814
17.16117462,27.35316924
17.16371651,28.65487779
17.16543446,18.86547591
17.16754465,22.45314433
17.1717933,24.09667639
17.17478825,17.2675394
17.1949947,20.87824224
17.19568186,19.95581414
17.19586328,30.45868356
17.20266656,26.43126584
17.20445634,29.88413544
17.20867605,18.60263208
17.2145891,20.00994544
17.22276274,21.9838448
17.2287929,20.3655357
17.23150621,18.39990057
17.23267387,17.91238991
17.2357849,21.87509416
17.23877727,19.81957584
17.251999,20.36460085
17.25301824,25.73304625
17.25481383,19.36868948
17.26581526,17.70393829
17.27133618,21.4560879
17.2881733,30.25014964
17.29396945,27.55972051
17.32529515,17.94812238
17.32633741,19.18879469
17.34251856,21.68757214
17.34503066,22.45244781
17.34699558,26.64143997
17.34746963,17.55171316
17.3484011,18.10203795
17.36632198,26.20506074
17.3808419,18.89143054
17.39599666,17.82791591
17.41630249,18.97366488
17.41868397,33.38283064
17.42109839,18.15773494
17.42197436,17.6379509
17.4225092,18.93315424
17.42308612,17.54405346
17.42403011,21.42433082
17.42859965,23.6306012
17.42879011,23.28669704
17.43843708,25.37002933
17.45344721,26.37825222
17.47196938,17.66546945
17.47608227,31.07639458
17.4808763,23.05784695
17.48309747,20.14542705
17.49700276,17.60838358
17.50340825,18.14976942
17.52651285,21.0342005
17.52943894,22.14378462
17.53449688,21.12777399
17.54637291,17.85800644
17.55601459,39.36935546
17.56984923,18.68337111
17.57451512,18.69207447
17.57651337,18.50971108
17.5766713,30.79445382
17.5769086,24.815097
17.57699378,20.31575382
17.58290289,18.12616758
17.58524051,18.58890544
17.58580597,19.4686995
17.60081477,31.21436747
17.60295751,19.44834979
17.60517776,29.74996492
17.61828569,30.83294911
17.63879847,30.35269863
17.64198922,18.69431882
17.64569683,20.15849342
17.66840471,20.92576405
17.66868854,18.21298064
17.67354074,22.52148763
17.67847914,20.36190519
17.6794273,18.87114419
17.68024007,19.73808528
17.68350866,18.04416059
17.69008717,18.76634594
17.69296455,19.69239004
17.69707948,19.7727571
17.70079289,21.87200602
17.71292918,20.07290245
17.72406075,21.38775966
17.72809661,21.02295458
17.72970289,17.86506666
17.74558121,41.69424507
17.74899125,18.46406553
17.75233508,33.65122442
17.7553938,19.31499899
17.75669663,19.28249157
17.76206026,22.24702842
17.77320568,29.86122822
17.77555972,18.02768842
17.78717721,18.406544
17.79331024,32.10871837
17.80289904,27.33467747
17.80368793,27.38740946
17.82048403,18.18678482
17.82246507,28.52631968
17.82663915,22.96438646
17.83194523,18.70681841
17.83497777,18.82045742
17.83628963,21.4617612
17.85697252,20.28180032
17.8636188,18.63481656
17.87665449,29.11671712
17.89831578,35.02079542
17.90179836,24.66274871
17.90266757,21.14571276
17.90317953,22.04364054
17.90683859,17.99139209
17.90750187,27.03975031
17.92710332,18.61048931
17.92843753,18.98884842
17.93032699,21.87596359
17.93085018,21.72410237
17.93175858,28.97753832
17.9329941,32.73267452
17.93476578,19.26826343
17.94874643,18.78055072
17.95061475,27.78118925
17.95280533,19.70962693
17.95346183,18.66860158
17.95643526,21.0949227
17.95882908,18.63559009
17.96085584,21.60649128
17.97061971,23.86961782
17.97434162,20.90523223
17.97799398,26.35326502
17.98242592,19.36095224
17.98258906,18.82938359
17.98395609,22.78894066
17.99214016,19.10807429
18.00937183,31.97781108
18.01480409,25.57187895
18.04310508,18.85837736
18.0463527,21.29766577
18.06510115,19.61698268
18.07014277,19.43684624
18.07938938,21.60037294
18.08110081,21.32950849
18.09258162,20.47102934
18.10074273,28.93207169
18.10292312,18.54485489
18.10296022,19.64627966
18.119411,20.87590217
18.11999855,21.92039237
18.12734187,21.0498368
18.1297794,42.83356779
18.14743963,19.25001267
18.15003292,24.25476755
18.16570623,23.05343095
18.17523275,37.48739809
18.1805613,29.01106847
18.18526902,26.66456797
18.18714257,18.74549953
18.21287616,18.87498196
18.25077987,19.48689767
18.25803821,21.14271583
18.25985351,18.6122946
18.27284654,20.86720149
18.28903826,22.9343794
18.29357385,22.61628978
18.2980519,29.38946099
18.31833622,26.53893383
18.32884596,19.33165741
18.3290502,25.47208599
18.3383559,19.75349943
18.34592945,22.05348159
18.34813556,19.42449802
18.34888397,19.84267507
18.35137033,22.87901345
18.36973052,18.43416087
18.37680242,18.74855069
18.3956714,19.42710123
18.39940447,19.52631065
18.40000566,39.35751451
18.4019628,22.10267134
18.40426036,23.60644114
18.41640895,18.87108141
18.42341174,21.59988482
18.42522894,18.66370268
18.43537414,19.0204058
18.4417766,21.66709756
18.44527709,21.39211357
18.45229408,20.52327116
18.45378564,23.61031657
18.45552118,24.47452133
18.45572154,20.94114293
18.46297852,28.78074484
18.46317128,24.50683324
18.46735363,24.5240712
18.47628892,19.9204508
18.47805636,20.87066195
18.48110984,19.97925861
18.48615444,29.9724937
18.48990692,23.0378833
18.50266658,25.08908057
18.50321027,28.6943201
18.50406021,18.77863434
18.52241561,21.87692972
18.52812069,19.98016514
18.53137457,20.9938322
18.5325911,24.05687968
18.56407811,28.09960358
18.5701878,25.36355857
18.57325337,29.79513439
18.57345806,21.11525001
18.57892813,20.86301246
18.59268743,20.92186792
18.59324708,26.88404877
18.59327786,29.90097832
18.59455621,19.01030171
18.59981275,23.29630124
18.61677671,26.4850742
18.63105413,19.64974446
18.63309955,23.50732366
18.6345693,18.98755527
18.6395769,21.70846919
18.64908752,19.24462617
18.65156895,20.60629544
18.65704722,18.66572644
18.6591254,19.32703723
18.66135577,23.30229288
18.66659935,20.35479625
18.6733203,19.13160599
18.67801297,34.31742049
18.68029507,20.05955422
18.71183316,23.39821582
18.71200231,24.15669948
18.76442931,24.92901547
18.7661106,28.81379207
18.76948023,21.47262382
18.78086628,19.3058204
18.78641496,22.45947867
18.78658269,25.4740151
18.78836573,21.23367903
18.79847369,19.40487887
18.80677704,21.19023668
18.80731123,29.66456612
18.82148002,20.29772323
18.83347208,18.9700226
18.83459392,21.91100707
18.83626062,20.79554478
18.85450356,25.95682958
18.85998243,31.81719865
18.88103827,21.26181212
18.88414102,22.27276883
18.9087479,19.61315225
18.91287426,28.85928261
18.91751842,25.97950039
18.92006382,21.29662602
18.9374828,29.92423884
18.94272591,24.4794518
18.95769147,26.36642014
18.95791325,20.7529127
18.95893953,28.27544966
18.97240947,19.38543413
18.97330939,21.35820709
18.99265612,21.309154
18.99483711,27.45578124
19.00204653,40.17781708
19.01828644,22.00726355
19.01868075,25.28960667
19.02862689,25.50283115
19.06360159,25.62708184
19.12013622,19.54236654
19.12111478,19.2101085
19.19220429,21.65999812
19.20104623,32.49429353
19.20250399,29.78912743
19.20543039,25.37920008
19.22499106,25.93476453
19.23038237,21.30002697
19.23372709,22.35436879
19.24552134,29.07071256
19.25731281,20.89262568
19.25900205,20.50499904
19.26958501,26.55079924
19.2723047,22.67864979
19.29044545,33.61403593
19.29112604,36.84554444
19.29907963,21.42984624
19.30911167,21.0741404
19.33142319,19.97730157
19.35198926,21.05542918
19.35333017,25.32138759
19.35441912,25.3225196
19.39086226,21.17852886
19.39635659,25.52793159
19.41675232,20.4515221
19.42936246,23.70989094
19.4413302,22.08514869
19.44149121,26.5855825
19.44655217,23.74819939
19.44665636,22.03247079
19.47613579,22.76083775
19.4772038,22.41563247
19.48827025,26.51554826
19.5528004,30.76725753
19.58555641,22.09152978
19.60423825,19.94086093
19.63944692,21.36686269
19.65211233,20.47842944
19.65431598,25.22172996
19.68799232,20.79428499
19.69240438,23.71610586
19.69906403,26.52484341
19.70496326,40.18585759
19.70775478,25.61648015
19.71912679,22.41552201
19.72761048,23.41927481
19.73294915,19.87396144
19.73508781,28.04990041
19.73827442,20.85593757
19.741891,25.05738326
19.76689587,23.70512207
19.76715766,26.87839429
19.76754711,20.62850736
19.78556036,22.33429688
19.79384869,21.18707071
19.8298177,22.40839013
19.84862073,22.00627981
19.86199612,20.14303516
19.86488838,31.60002427
19.95583751,25.59719021
19.98156512,21.62055746
19.99534001,22.81405631
19.99868209,20.95485978
20.02260087,26.40116982
20.05626375,28.61945153
20.0687795,26.92084061
20.08084755,22.07638456
20.16726503,28.42158339
20.17139493,20.26011392
20.226155,26.52178351
20.24800584,21.09672526
20.2869653,57.09997555
20.2897457,25.3196505
20.31041761,25.42012133
20.36770987,29.4069782
20.37284016,35.65132591
20.40654052,22.47738543
20.46316525,23.08486695
20.47209599,24.40743317
20.48334203,25.98373428
20.50839696,38.95870965
20.51354784,31.96021272
20.54192095,26.68432338
20.55503171,22.01412937
20.58167639,21.26751491
20.58528169,21.89448065
20.61407032,26.28940725
20.62125692,26.47907875
20.64413096,29.66246461
20.74433774,24.15608482
20.77621891,22.96552973
20.80951529,26.33262101
20.83510557,21.26895607
20.84047554,24.39899696
20.8483709,24.11836036
20.86184392,42.11316384
20.86888858,26.03246093
20.88419759,26.94112092
20.92587862,24.11529681
20.94611186,22.78368588
20.95162331,25.94953327
20.9724597,21.22849834
20.98063791,23.6584171
20.98469693,23.43079712
20.98990421,27.57462069
21.00106884,22.73224181
21.00788473,30.46014583
21.12808348,24.04304363
21.13701946,22.23533569
21.30608677,28.10981061
21.39894751,29.08593956
21.46792765,29.33280885
21.54637458,25.92456157
21.56365387,27.64161062
21.62289979,26.91290947
21.63621273,22.55677822
21.69711493,23.27100958
21.73528928,28.71355357
21.76159945,26.75950611
21.76178488,22.70673879
21.90323603,29.39725874
21.90862783,22.72949589
21.96507633,41.22647273
22.39451525,27.26834754
22.4149889,29.20702334
22.4632766,26.18509279
22.4679439,26.01720817
22.57944059,24.34941972
22.63026687,36.94723735
22.7948891,27.97015553
22.92663723,27.28431717
23.00973241,28.48113401
23.01380158,31.00905233
23.05590437,23.55314025
23.05838925,27.82719644
23.05907896,47.83234322
23.08465914,37.34319059
23.12192486,36.57281484
23.13135673,35.19635163
23.14163502,31.85529537
23.17488276,26.50829381
23.20127286,23.59777677
23.20262627,32.1312799
23.23823398,25.87658336
23.27500245,23.62404398
23.27519126,24.44554402
23.2870894,27.72823771
23.28958545,35.35965088
23.3140793,24.22734546
23.33411714,25.68366682
23.34588992,26.734052
23.35900041,27.53314806
23.36034522,26.72530813
23.36874778,36.82936308
23.37140562,27.05631745
23.37256506,32.96351875
23.39044135,27.90942046
23.39606344,38.25051895
23.41511674,31.98507053
23.42462973,24.49656621
23.42529486,32.58698285
23.43738588,30.48113258
23.44017603,25.38269165
23.44501728,24.04530218
23.46748035,23.5603742
23.52914888,28.35459135
23.58349895,32.05951495
23.59517323,25.07220139
23.62103384,34.07479431
23.62364376,27.71467629
23.63057346,24.99868375
23.63286073,28.85257538
23.63486326,24.28221159
23.64868681,28.97078296
23.67074547,26.714097
23.67215722,23.84434211
23.67483528,26.53860533
23.70542216,38.82966301
23.75267394,31.67628045
23.77378924,24.89594031
23.8258298,24.35612256
23.83113171,24.81795924
23.84768412,26.08776817
23.86534154,24.52897923
23.8889269,29.86183907
23.89374674,28.46942882
23.90480732,27.00446157
23.90850649,25.4811812
23.91020559,24.13266431
23.91391611,26.78901946
23.91990531,31.37797791
24.01739939,28.6102236
24.01904057,32.16561995
24.08128322,28.82973439
24.1754516,28.4202108
24.18762334,26.35010605
24.26928611,34.77201423
24.29988857,46.32997935
24.32021996,24.69926579
24.36668426,25.30112888
24.41402533,35.09370112
24.42734407,28.43190749
24.4384651,27.99144164
24.48737526,31.11604991
24.49031857,27.63178217
24.5478384,24.84244435
24.58158084,25.83248941
24.58791514,24.7630484
24.59542253,29.7802728
24.59692644,26.18475188
24.63675304,24.80233103
24.63695047,24.75487443
24.64115056,27.51465787
24.68544407,30.02862466
24.70549468,26.62987267
24.70560717,25.39181478
24.72223573,29.4409786
24.78853016,24.98095538
24.81491117,24.82715533
24.8237865,26.18760227
24.8408907,28.31006024
24.87570187,40.88758965
24.93755826,26.9028705
24.98915252,33.7619271
25.10905507,25.22479883
25.11306091,27.60609722
25.11362659,34.81426756
25.14915654,27.1661117
25.15421369,32.52000378
25.16670781,28.969512
25.18695283,39.40521809
25.24429595,25.32433591
25.30696608,25.96939624
25.31508073,32.47179895
25.31737927,27.90053358
25.34611913,34.69426898
25.37230765,30.15410518
25.40702172,30.52531994
25.47885085,27.53150777
25.51562432,27.81329099
25.54736474,25.71630249
25.58580657,36.50548298
25.58945129,34.91241185
25.59762277,25.96663181
25.66465558,33.77654867
25.71063238,30.91251864
25.71949503,31.96723072
25.73336398,36.72959656
25.84664764,37.38193256
25.86521825,26.19930326
25.89520795,30.69775179
25.97377839,30.52332843
25.99607772,26.82319432
26.00770345,38.65073489
26.11709053,33.76259176
26.11737809,30.77179112
26.17489407,30.26376237
26.18206559,42.27483077
26.20558105,27.49538962
26.21338653,29.20896655
26.22455827,26.26050975
26.2645613,27.87189992
26.27231445,32.05799772
26.2921094,31.62564309
26.32318957,27.9024785
26.35224708,30.98269704
26.35789081,30.80039481
26.37002764,41.50025243
26.37551913,31.36415098
26.45002567,26.9751751
26.53751187,28.90878067
26.55163813,34.41118558
26.61209794,27.19619903
26.61592073,28.00030797
26.6211185,40.60043254
26.6887908,30.59208583
26.69705165,27.1687778
26.70512513,28.61894296
26.72080274,26.994377
26.75401122,27.90435121
26.7655864,32.80849953
26.76753752,26.85401375
26.79659175,38.24957144
26.85259961,29.02016681
26.85803943,29.72032201
26.86093279,34.56587326
26.87496826,31.66994089
26.89112387,32.40629967
26.92176246,28.64990646
26.99191324,29.83922173
26.99270796,28.23042653
27.00928758,35.86056368
27.02407025,35.8436723
27.02444625,37.23592134
27.02955059,32.0482727
27.0322451,27.97803445
27.05623187,29.10021095
27.07706339,31.26058317
27.1092882,29.00859568
27.13394062,30.88555422
27.19659334,27.58377004
27.25281389,27.33760432
27.26533222,33.65576399
27.28484134,31.63149601
27.28798376,29.74144271
27.29215837,27.87118956
27.30031662,34.35225347
27.30842612,32.82682231
27.30917763,28.37812799
27.35276908,31.75016011
27.43627902,27.92139099
27.59174302,32.98638105
27.72832603,29.05834632
27.7516025,28.71841821
27.77360511,27.96388312
27.81603211,34.11997686
27.82393217,36.82941862
27.85423469,29.92053659
27.88075282,33.54415728
27.91115814,35.57207729
27.95102211,31.82559266
27.9667926,30.00115777
27.987221,28.70752575
30.12839089,31.54885805
30.16454428,30.77755279
30.20333458,41.6990765
30.20399815,32.17960119
30.32417653,32.54445065
30.40300428,37.64051786
30.41564923,30.86701992
30.48212433,37.24622475
30.55676955,30.95272703
30.57292273,35.73456988
30.59932148,39.51950337
30.6333173,31.38059935
30.63709636,34.01318584
30.65101564,32.02322485
30.6521711,42.27060214
30.70625788,34.23760674
30.7746578,40.23868305
30.90771122,31.85243976
30.93032757,32.45068327
30.96584763,33.17857362
30.98151316,34.56318634
31.00131736,32.30391986
31.07678563,32.24340257
31.19342123,32.02903412
31.20134206,33.44727612
31.20524014,36.44055203
31.22091326,33.23030915
31.31092828,33.23214625
31.31504801,31.41837944
31.33080212,33.41561391
31.34623978,35.86042253
31.43770875,35.73073468
31.44866014,32.67519408
31.47698967,43.44803507
31.47994827,33.08870037
31.51742721,39.69673744
31.57379833,36.23225054
31.57407079,37.61215606
31.58194737,41.81244713
31.60784198,31.64957621
31.71114717,34.60122576
31.73946955,39.29230369
31.74197792,31.80804432
31.76471942,36.14480097
31.81446003,34.60149335
31.86573257,33.77516761
31.91539335,37.29932751
31.93444714,42.51026476
31.94313607,36.8823362
31.99839118,35.1688006
32.00615,38.6604769
32.01444448,33.08052836
32.04305971,36.18621732
32.07407543,35.56058825
32.11665946,32.62019001
32.13710025,50.19363871
32.16416051,35.80798813
32.19227922,34.05633083
32.41225064,37.12597597
32.45704727,34.78242943
32.48037066,39.15630376
32.48314605,55.3795221
32.49452989,33.96650783
32.54259367,33.00140142
32.54521165,35.93042525
32.55662701,48.81227071
32.58742772,40.46032649
32.600016,35.94029332
32.60434575,34.10865073
32.64100789,42.81325719
32.64860616,35.30479189
32.65367101,34.84912157
32.6578627,33.14497331
32.65902493,35.65325164
32.69219865,50.75202421
32.69996457,35.02515371
32.73296961,42.56697115
32.78431053,37.52447366
32.78495003,38.13082913
32.82140756,36.65073478
32.84476019,40.19889099
32.95952753,48.74366094
32.9648697,35.32369224
32.97975074,37.64787508
32.99919162,38.29625831
33.01067309,52.70295334
33.19988865,33.38094723
33.2404215,34.31204151
33.25214252,34.74122697
33.26441594,37.80467346
33.34882761,33.55238214
33.4766365,64.49733616
33.5311989,45.43758868
33.53485328,36.3989225
33.71863338,34.74679241
33.73174437,35.32961596
33.79993614,34.11569874
33.80946953,42.96174737
33.85258042,53.59677094
33.85954188,48.2641954
33.88983195,40.02134635
34.03290216,35.44906711
34.06987142,41.46260265
34.1739661,37.40057171
34.30211074,40.68555722
34.45979894,40.36370473
34.56240909,35.11016733
34.68783872,35.32691226
34.75972658,45.91684534
34.80532878,37.51594672
34.81011033,36.87067134
35.12225197,36.89923592
35.22066695,36.18064417
37.09863782,37.39148864
37.11943035,47.18937469
37.12543951,42.28011642
37.13848209,37.61697844
37.18651078,38.9507117
37.33591235,41.63644428
37.40104799,59.45380687
37.44591615,42.5368248
37.52042435,37.79061438
37.68980874,49.66129557
37.70511491,45.70456575
37.86798885,45.09019981
38.06831229,38.12062771
38.07813863,43.13429622
38.09297881,43.5530349
38.17700578,38.56493027
38.32977572,44.17140015
38.33767436,44.07350851
38.37955152,47.50381007
38.38790691,40.39666981
38.4017423,43.83712607
38.45551357,40.1101546
38.49308747,43.67113081
38.5568503,43.18428977
38.67496623,48.13426739
38.84204602,39.73926
38.87831118,45.26915729
38.89319187,39.24841646
38.92304727,39.89741352
39.1150638,39.91360515
39.17699463,43.86865918
39.2017551,39.85367638
39.23533698,62.76003107
39.24203189,54.47797996
39.47889313,39.57002977
39.54109821,45.8245466
39.56195175,43.43913658
39.6536433,41.46246361
39.66999084,48.76491586
39.67829459,39.78179683
39.71492453,41.69591512
39.83677228,52.1528953
39.86815293,41.57392748
39.9702996,42.71681522
39.98007616,40.86602039
40.02850118,41.70340566
40.10014358,48.23872739
40.12794642,41.93386832
40.1615126,44.36326351
40.21698508,40.95651957
40.23249334,48.29661675
40.35090709,43.58875083
40.44809359,42.92334886
40.48389607,41.11295091
40.52898174,46.53236194
40.54285927,41.92470815
40.60461212,41.11304356
40.64375066,53.0403769
40.72530781,42.81638165
40.78359443,46.95343684
40.80069352,44.77354153
40.86550025,41.6172144
40.91606882,42.73773777
40.95205535,42.05146667
41.24275985,46.45899821
41.50204823,44.34253376
41.55856964,41.57218149
41.67084831,59.00715486
41.75245053,43.96277461
42.36737415,43.64222451
42.72627046,48.20923336
44.15033906,46.98355699
44.48550169,47.92431183
44.63769133,44.96187306
44.89933293,45.72688317
45.27961489,47.69525549
45.28172272,45.67273308
45.52866949,53.66357903
45.60615484,47.35750256
45.71386986,45.88955804
45.7160347,50.42268331
45.81269386,46.56480653
46.0099488,47.79917554
46.11256716,46.55195825
46.12511628,51.1343806
46.20067584,50.57698237
46.26856982,59.34463172
46.3559134,52.08671682
46.35656778,49.84404547
46.3577013,51.27040809
46.36447922,58.44242981
46.37667734,49.65622932
46.40770517,58.46729925
46.43875325,48.42854141
46.45677576,50.32510859
46.48330239,48.70521208
46.59316095,46.89400412
46.59541142,57.03432818
46.645124,52.87362122
46.64998569,48.6131558
46.73274551,56.10416239
46.75619931,61.91090745
46.78857584,52.75500429
46.78950357,49.68861202
46.81861187,50.32944256
46.85240974,52.31110708
46.88699272,48.92872185
46.93895767,51.01031628
46.9697542,47.44872489
46.97512099,48.91192241
46.9797174,53.4739311
47.03289685,49.4492582
47.06509848,49.47391592
47.08448968,48.51428733
47.08527275,51.18481102
47.09009859,53.07402472
47.10036501,51.82393482
47.20094779,48.38443583
47.43065939,48.83549704
47.70518481,48.66702673
48.15650286,54.85599185
48.3165352,50.20909176
48.35723699,57.46843275
48.3779147,48.74589296
48.67355391,50.23030983
48.67431511,49.70511265
51.02246468,52.33566214
51.03404681,63.99051897
51.08678508,52.97341199
51.09425206,53.63007177
51.14908182,56.61520838
51.21967811,55.57320884
51.24658536,65.21675169
51.25714511,71.70930925
51.27311505,51.89366951
51.2951871,66.17657267
51.38539672,51.7388668
51.4354424,52.34689641
51.4411719,76.22842347
51.51530461,51.84159282
51.58300315,54.43728087
51.63532987,52.30757736
51.81686972,65.34498585
51.84254156,69.52039417
51.90527173,54.95856806
51.97859544,52.51376112
52.01083022,54.37060074
52.01284765,52.92799364
52.02187809,58.67229133
52.03160117,52.62484987
52.15251984,64.22540875
52.18598904,56.65727878
52.21601808,52.9543118
52.33454905,54.06663434
52.3469829,56.2990328
52.38422742,65.73022655
52.42848623,54.46307367
52.47594122,56.32133423
52.53945238,53.27229586
52.54925997,59.00891397
52.56880126,63.42821986
52.61435773,55.99743018
52.62023887,56.24571645
52.62966426,63.71263115
52.64538437,64.22882355
52.64558448,54.30558329
52.658506,53.09759333
52.68533917,53.11363489
52.68649231,55.8360335
52.71725814,62.30800311
52.78033531,63.11403746
52.84074755,68.01893755
52.87443184,55.22724828
52.90617745,53.66482885
52.90904837,57.7631544
52.94588649,66.93002795
52.98829924,53.6707609
53.05761091,58.78609593
53.19258807,63.4603689
53.33290225,54.9404264
53.57232564,61.49704847
53.79036186,53.94736476
53.81356286,56.64253964
53.90844813,54.87604172
53.95109132,59.25250911
53.99512474,56.01482028
54.05306589,55.63769879
54.06266201,60.86716388
54.06571577,57.05669481
54.09537573,56.13952594
54.11277313,74.54337201
54.17718494,60.20045512
54.17798108,55.31407148
54.19236331,57.84680637
54.24906698,64.92811078
54.32763429,58.65152077
54.40139473,57.12796992
54.41920101,59.96161903
54.54998021,73.91558623
54.58218692,56.34884466
54.6330859,62.25430143
54.64397945,54.94447051
54.64430851,57.5255876
54.70647296,56.92395954
54.83684796,61.55772487
54.87127204,60.77510208
54.95605838,55.21192973
54.99030231,56.40865185
55.101415,56.4048297
55.35995408,56.20217843
55.37118356,68.98496345
55.49950634,68.69364952
55.51691986,71.70460425
55.75705307,62.27798812
56.40226439,58.33214742
56.45033533,59.65783635
56.67831163,59.01221669
56.80022728,62.31244952
56.84583715,56.93278634
56.8805171,62.28470167
56.91172196,63.2777008
58.15353513,59.47416155
58.17996582,62.68292459
58.66296692,61.7656974
58.67320284,61.39691382
58.94315344,59.31590082
59.07696515,68.43334489
59.09553296,70.7304145
59.14090557,63.00761677
59.41991581,62.08764926
59.64062438,65.6377107
59.87773937,61.08143574
59.9228872,64.66008862
60.05549175,70.42307954
60.07857365,60.2600406
60.19273478,63.83054915
60.2250915,66.60779772
60.27263337,66.33328022
60.35945513,62.60258918
60.76393527,66.34779418
60.81176092,67.19915415
60.96094403,62.46835361
61.0103379,66.95611048
61.01910096,61.82829497
61.01946551,69.5043849
61.13551146,63.7570311
61.21606669,65.0273317
61.37529869,68.89422907
61.42701705,71.19230275
61.48847327,69.40712297
61.51450845,67.36374918
61.56647897,73.37567863
61.63514343,61.66502837
61.73095366,64.3895494
61.9479736,63.08265514
61.9654545,75.11842945
62.05164523,70.26984853
62.16794966,64.4227021
62.27265784,63.29437658
62.336133,62.74919862
62.48891799,64.21228341
62.68248136,70.04142094
62.69841396,67.46260149
62.72987269,72.9434143
62.7521218,62.89142294
63.25154504,63.600724
65.00797852,72.09742932
65.06470452,72.34107754
65.06770514,68.60028701
65.08039003,66.66379727
65.12663124,68.87472369
65.12730597,72.81979464
65.16474697,67.75999896
65.21329146,75.7126486
65.22660674,69.58325955
65.33867806,68.14401031
65.57982986,68.53117682
65.71293757,68.02284859
65.77821674,67.67025833
65.8449161,71.23484809
65.8543764,68.98041289
66.0351383,66.09088782
66.0396541,81.34131916
66.08829176,75.76405817
66.11522286,84.30819386
66.33595231,70.59089377
66.39031742,75.50435995
66.41809346,81.26684038
66.54304159,69.11021808
66.58467701,68.15530848
66.63135436,66.66914235
66.64143641,69.05513593
66.73700464,67.43419287
66.99118579,69.49034406
67.00597624,72.9392895
67.28965927,68.52438538
67.38636987,72.48691966
67.50145811,84.92686807
67.54230883,78.50115696
67.55034556,68.29513153
67.58294646,69.04885999
67.70218534,69.76132265
67.79403371,81.0438186
67.87050551,75.52085785
67.89016698,67.9914008
67.93755403,72.0105423
67.94427596,70.06172778
67.99087879,75.57620463
67.9983713,75.08109034
68.19205633,68.87505156
68.24416279,68.58023845
68.30002566,75.97508643
68.78183702,74.00872527
68.78468505,78.82562461
68.80254956,76.0478731
68.83501202,71.59769162
69.27206317,88.14169948
69.39519242,74.53300413
69.5588709,71.89877871
69.59123477,73.7122812
69.90659361,71.94017352
70.04444829,79.86696565
70.52924066,73.69582893
70.74473924,72.86283992
72.01004741,74.02551053
72.05782532,84.26887482
72.06827709,72.60012012
72.09640958,73.08669664
72.14387669,81.45072934
72.16578965,72.17622869
72.16833392,76.72661104
72.20561364,75.15752685
72.23384645,74.00056713
72.23389858,73.71713092
72.2366637,74.29443417
72.24390793,75.4523608
72.24498987,75.29432367
72.29627703,75.84039039
72.33889134,77.66640036
72.36102949,76.10921039
72.38482772,75.68432263
72.38605227,74.44778879
72.39959617,76.47396595
72.45782115,86.76530547
72.47544209,77.30956904
72.50493126,73.79236762
72.51589674,74.29104064
72.55855857,82.96656349
72.56848514,73.33287445
72.64522447,84.71347233
72.65748662,86.18008769
72.68982715,76.02714514
72.73953762,72.77605222
72.75110274,74.90945909
72.80640177,73.15712196
72.81503054,74.65351879
72.85859603,91.40876143
72.89979292,73.88876398
72.92689226,74.05640077
72.95537007,82.99780099
72.98381779,80.25620379
72.99163419,78.0056305
73.05867871,75.47567186
73.13469199,75.1877856
73.15071425,78.1812686
73.16279369,75.49409204
73.18665267,85.72260128
73.19587979,79.86835476
73.22322018,77.08368174
73.22726054,74.59976846
73.29588894,84.47579728
73.30489784,91.26053484
73.40028887,81.65154992
73.47472316,76.91105728
73.53772348,80.9059458
73.56059113,79.6848428
73.5786451,74.45597554
73.58174232,78.01997099
73.64440349,75.8518571
73.67110383,77.87499726
73.69163557,75.75274947
73.73108892,77.22349105
73.7821436,75.33691403
73.84275095,74.3545519
73.85078007,76.55833381
73.85541922,83.53799895
73.8729664,77.90154925
73.93100788,74.11993904
74.0613909,86.52937226
74.0621697,76.90168093
74.0649718,74.21931577
74.1523822,77.66442006
74.21575705,79.77792592
74.24781542,75.83862019
74.27637845,74.63648557
74.2810293,85.01955418
74.2832545,76.13247415
74.32050082,80.09655238
74.3733923,85.31186033
74.40982586,74.48274186
74.43367473,77.45828135
74.43905732,82.50396799
74.45735435,76.36391574
74.47869681,85.03746252
74.49574009,74.56159225
74.49809514,75.54344606
74.5016473,79.1320116
74.54845406,79.24723933
74.65375832,76.81054273
74.66899101,82.62732153
74.67632253,103.7807108
74.74217012,77.54071232
74.75979394,82.92850801
74.76052065,88.86630353
75.00335857,81.10122608
75.25200075,88.5003688
75.27513015,84.82362777
75.28095791,80.95680213
75.37857779,82.75782269
75.44805838,77.62243302
75.53489032,78.68391919
75.59082787,77.06203222
75.59738792,94.67917385
75.66243779,78.77968775
75.66870102,76.37750268
75.67923557,90.22044678
75.736156,83.74828598
75.74510001,86.95128388
75.86463701,83.24559966
75.90654471,84.41761689
75.91888367,76.16999318
76.07203052,80.87625612
76.1005029,77.53052882
76.21477281,78.15644815
76.24967383,81.89231402
76.26943451,87.13386461
76.51753343,76.89029985
76.54380908,87.34528037
76.69147554,82.87619475
76.73722948,77.49336134
76.76390816,86.23991086
76.76932929,79.5865736
76.93421737,87.5161255
79.03214833,87.94843144
79.39274661,101.3472447
79.48022331,79.97699947
79.56043598,80.55527595
79.5675819,79.61925695
79.80556992,81.4385181
79.84921344,80.1898846
79.88060303,96.00189462
79.99003853,98.81385362
80.0425039,82.447001
80.08403737,88.63810739
80.09452285,83.8842801
80.13740119,81.82395865
80.22345156,94.71185413
80.23256684,83.06593433
80.25182266,94.93783364
80.32013274,84.38013829
80.36692871,85.9145187
80.38314807,80.46751993
80.40395052,81.37587341
80.40492655,92.07575959
80.43959995,88.19627023
80.50829871,81.23422117
80.50882447,81.4853222
80.7650446,81.7201003
80.82199011,83.5883954
81.68911904,84.63275087
82.03073267,86.41860512
82.08198283,89.29927931
82.13409103,85.22494301
82.15551822,90.52849873
82.2788861,83.84649724
82.40568887,89.61423975
82.44199239,83.09608185
82.60250119,82.67472587
82.68623293,82.97689706
82.71319736,84.3464891
82.77504442,93.42550272
82.87803039,83.77887503
82.89424972,89.39896567
83.12127125,90.01960895
83.14453112,84.33243943
83.42688634,84.30843395
83.4835006,86.76099398
83.76402726,89.88871727
86.40769776,90.80167144
86.4133754,90.90073294
86.43892542,94.4161598
86.44723179,91.39079424
86.48741621,86.52229793
86.53528912,89.73667192
86.54905151,91.7826052
86.56436865,105.9423523
86.59746511,91.45523295
86.64362241,89.53918719
86.74208549,87.56029706
87.12997651,95.68293106
87.20462532,117.3084416
87.25098572,88.54844399
87.25834935,88.14430938
87.28694361,87.41000381
87.4295406,89.33657105
87.49660021,89.36528345
87.54733681,98.20214519
87.61981734,87.88674139
87.8647578,97.90626714
87.86728385,93.53482424
88.08198102,92.77905023
88.13279801,88.82479131
88.2971948,88.63800011
88.29971775,98.85986283
88.33433957,89.82161754
88.48722901,93.15348937
88.49789863,105.1759472
88.63162778,89.73870918
88.690587,95.13811226
89.32154169,89.51489406
89.54089073,90.36450479
89.63908198,115.5337103
89.76163287,105.3552111
90.46814413,98.95146498
90.66955436,101.398525
90.78250006,91.71609803
100.4843206,102.3175002
101.0201591,104.3715367
101.0225372,101.6983749
101.0332276,103.8786332
101.1427413,101.8128967
101.189864,101.6304085
101.2707025,108.4676004
101.4523416,102.3289838
101.5632479,108.7050536
101.6572014,109.078893
101.7355039,111.2006969
101.7911703,104.6328076
102.3317989,108.5745659
102.7849062,103.7413894
103.7771448,104.6200336